{
  "paallystyskohteet": [
    {
      "alikohteet": [
        {
          "tr-kaista": 1,
          "yllapitokohde": 32,
          "geometria": "MULTILINESTRING((404340.853 7152734.231,404363.924 7152792.263,404405.774 7152883.486,404440.966 7152952.267,404473.6 7153009.904,404509.82 7153070.445,404562.38 7153149.582,404597.509 7153198.329,404670.47793504497 7153291.048912377))",
          "tr-ajorata": 1,
          "tierekisteriosoitevali": {
            "tienumero": 86,
            "aosa": 20,
            "aet": 0,
            "losa": 20,
            "let": 650,
            "kaista": 1,
            "ajorata": 1
          },
          "harjaId": 45,
          "yhaId": 1235,
          "pituus": 650
        },
        {
          "tr-kaista": 1,
          "yllapitokohde": 32,
          "geometria": "MULTILINESTRING((404670.47793504497 7153291.048912377,404729.438 7153358.259,404785.274 7153415.888,404827.675 7153455.344,404920.263 7153531.503,404962.361 7153561.851,405017.426 7153597.401,405073.513 7153630.544,405179.2810128755 7153687.045217191))",
          "tr-ajorata": 1,
          "tierekisteriosoitevali": {
            "tienumero": 86,
            "aosa": 20,
            "aet": 650,
            "losa": 20,
            "let": 1300,
            "kaista": 1,
            "ajorata": 1
          },
          "harjaId": 46,
          "yhaId": 1236,
          "pituus": 650
        }
      ],
      "kohdenumero": 1,
      "tierekisteriosoitevali": {
        "karttapaivamaara": "2022-07-15T09:00:00Z",
        "tienumero": 86,
        "aosa": 20,
        "aet": 0,
        "losa": 20,
        "let": 1300
      },
      "kohdetyyppi": "paallystys",
      "tunnus": "ANALYTIIKKA1",
      "urakka": 53,
      "nimi": "Kirkonkylä - Toppinen",
      "harjaId": 32,
      "poistettu": false,
      "yhaId": 1234,
      "pituus": 1300,
      "yotyo": false,
      "kokonaishinta": 98900
    }
  ]
}
